               epoch,      train/box_loss,      train/obj_loss,      train/cls_loss,   metrics/precision,      metrics/recall,     metrics/mAP_0.5,metrics/mAP_0.5:0.95,        val/box_loss,        val/obj_loss,        val/cls_loss,               x/lr0,               x/lr1,               x/lr2
                   0,             0.12192,            0.065089,            0.067454,          0.00078433,            0.013889,          0.00038491,          3.8491e-05,             0.12709,            0.057811,            0.066134,              0.0003,              0.0003,              0.0973
                   1,             0.11858,            0.064878,            0.067679,           0.0012645,            0.031074,          0.00094604,           0.0002109,             0.12085,            0.063887,            0.065439,          0.00069769,          0.00069769,            0.093698
                   2,             0.11818,              0.0786,            0.067056,           0.0017023,                0.01,          0.00029232,          8.7697e-05,             0.11354,            0.070204,            0.064438,           0.0010927,           0.0010927,            0.090093
                   3,             0.11272,            0.061982,            0.065368,           0.0024881,            0.018182,           0.0011123,          0.00021189,             0.10665,             0.07542,            0.063168,           0.0014851,           0.0014851,            0.086485
                   4,             0.11067,            0.074343,            0.064667,           0.0044043,            0.018182,           0.0026472,          0.00051296,             0.10328,            0.077191,            0.062136,           0.0018749,           0.0018749,            0.082875
